Master Hours,,,,,,,,,,,,,,,,,,,,,,,,,,,,,,,,,,,,,,,,,,,,,,,,,,,,,,,,,,,,,,,,,,,,,,,,,,,,,,,,,,,,
,,,,,,,,,,,,,,,,,,,,,,,,,,,,,,,,,,,,,,,,,,,,,,,,,,,,,,,,,,,,,,,,,,,,,,,,,,,,,,,,,,,,
Weekday,,,,Time,,,,,,,,,,,,,,,,,,,,,,,,,,,,,,,,,,,,,,,,,,,,,,,,,,,,,,,,,,,,,,,,,,,,,,,,,,,,,,,TOD Public Service Hours,
,Bus Blocks,Starting Point,City Area,5:15,5:30,5:45,6:00,6:15,6:30,6:45,7:00,7:15,7:30,7:45,8:00,8:15,8:30,8:45,9:00,9:15,9:30,9:45,10:00,10:15,10:30,10:45,11:00,11:15,11:30,11:45,12:00,12:15,12:30,12:45,13:00,13:15,13:30,13:45,14:00,14:15,14:30,14:45,15:00,15:15,15:30,15:45,16:00,16:15,16:30,16:45,17:00,17:15,17:30,17:45,18:00,18:15,18:30,18:45,19:00,19:15,19:30,19:45,20:00,20:15,20:30,20:45,21:00,21:15,21:30,21:45,22:00,22:15,22:30,22:45,23:00,23:15,23:30,23:45,0:00,Hours,Block End Time,,Weekday,
,1,Downtown,Floater,,,,1,1,1,1,1,1,1,1,1,1,1,1,1,1,1,1,1,1,1,1,1,1,1,1,1,1,1,1,1,1,1,1,1,1,1,1,1,1,1,1,1,1,1,1,1,1,1,1,1,1,1,1,1,1,1,1,1,1,1,1,1,1,1,1,1,1,1,1,1,1,1,1,,18,12:00 AM,,5:30a-12:00a,
,2,Edgehill/Jagges,North ,1,1,1,1,1,1,1,1,1,1,1,1,1,1,1,1,1,1,1,1,1,1,1,1,1,1,1,1,1,1,1,1,1,1,1,1,1,1,1,1,1,1,1,1,1,1,1,1,1,1,1,1,1,1,1,1,1,1,1,1,1,1,1,1,1,1,1,1,1,1,1,1,1,1,1,,18.75,12:00 AM,,,
,3,Park Place,South,,,,1,1,1,1,1,1,1,1,1,1,1,1,1,1,1,1,,,,,,,,,,,,,,,,,1,1,1,1,1,1,1,1,1,1,1,1,1,1,1,1,1,1,1,1,,,,,,,,,,,,,,,,,,,,,,9,10:00 PM,,,
,4,Park Place,South,1,1,1,1,1,1,1,1,1,1,1,1,1,1,1,1,1,1,1,1,1,1,1,1,1,1,1,1,1,1,1,1,1,1,1,1,1,1,1,1,1,1,1,1,1,1,1,1,1,1,1,1,1,1,1,1,1,1,1,1,1,1,1,1,1,1,1,1,,,,,,,,,17,7:00 PM,,,
,5,BSGO,South,,,,,,,,1,1,1,1,1,1,1,1,1,1,1,1,1,1,1,1,1,1,1,1,1,1,1,1,1,1,1,1,1,1,1,1,1,1,1,1,1,1,1,1,1,1,1,1,1,1,1,1,1,1,1,1,1,1,1,1,1,1,1,1,1,1,1,1,1,1,1,1,,17,12:00 AM,,,
,6,Dunn St,South,,1,1,1,1,1,1,1,1,1,1,1,1,1,1,1,1,1,1,1,1,1,1,1,1,1,1,1,1,1,1,1,1,1,1,1,1,1,1,1,1,1,1,1,1,1,1,1,1,1,1,1,1,1,1,1,1,1,1,1,1,1,1,1,1,1,1,1,1,1,1,1,1,1,1,,18.5,12:00 AM,,,
,,,Total In Service Buses On Road ,2,3,3,5,5,5,5,6,6,6,6,6,6,6,6,6,6,6,6,5,5,5,5,5,5,5,5,5,5,5,5,5,5,5,5,6,6,6,6,6,6,6,6,6,6,6,6,6,6,6,6,6,6,6,6,5,5,5,5,5,5,5,5,5,5,5,5,5,4,4,4,4,4,4,4,0,98.25,,,,
,,,,,,,,,,,,,,,,,,,,,,,,,,,,,,,,,,,,,,,,,,,,,,,,,,,,,,,,,,,,,,,,,,,,,,,,,,,,,,,,,,,,
Saturday,,,,Time,,,,,,,,,,,,,,,,,,,,,,,,,,,,,,,,,,,,,,,,,,,,,,,,,,,,,,,,,,,,,,,,,,,,,,,,,,,,,,,,
,Bus Blocks,Starting Point,City Area,5:15,5:30,5:45,6:00,6:15,6:30,6:45,7:00,7:15,7:30,7:45,8:00,8:15,8:30,8:45,9:00,9:15,9:30,9:45,10:00,10:15,10:30,10:45,11:00,11:15,11:30,11:45,12:00,12:15,12:30,12:45,13:00,13:15,13:30,13:45,14:00,14:15,14:30,14:45,15:00,15:15,15:30,15:45,16:00,16:15,16:30,16:45,17:00,17:15,17:30,17:45,18:00,18:15,18:30,18:45,19:00,19:15,19:30,19:45,20:00,20:15,20:30,20:45,21:00,21:15,21:30,21:45,22:00,22:15,22:30,22:45,23:00,23:15,23:30,23:45,0:00,Hours,Block End Time,,Saturday ,
,1,Downtown,Floater,,,,,,,,,,,,,,,,1,1,1,1,1,1,1,1,1,1,1,1,1,1,1,1,1,1,1,1,1,1,1,1,1,1,1,1,1,1,1,1,1,1,1,1,1,1,1,1,1,1,1,1,1,1,1,1,1,1,1,1,1,1,1,1,1,1,1,1,,15,12:00 AM,,6:30a-12:00a,
,2,Downtown,North ,,,,,1,1,1,1,1,1,1,1,1,1,1,1,1,1,1,1,1,1,1,1,1,1,1,1,1,1,1,1,1,1,1,1,1,1,1,1,1,1,1,1,1,1,1,1,1,1,1,1,1,1,1,1,1,1,1,1,1,1,1,1,1,1,1,1,1,1,1,1,1,1,1,,17.75,12:00 AM,,,
,3,Park Place,South,,,,,,,,,,,,1,1,1,1,1,1,1,1,1,1,1,1,1,1,1,1,1,1,1,1,1,1,1,1,1,1,1,1,1,1,1,1,1,1,1,1,,,,,,,,,,,,,,,,,,,,,,,,,,,,,,9,12:00 AM,,,
,4,BSGO,South,,,,,1,1,1,1,1,1,1,1,1,1,1,1,1,1,1,1,1,1,1,1,1,1,1,1,1,1,1,1,1,1,1,1,1,1,1,1,1,1,1,1,1,1,1,1,1,1,1,1,1,1,1,1,1,1,1,1,1,1,1,1,1,1,1,1,1,1,1,1,1,1,1,,17.75,12:00 AM,,,
,5,Dunn St,South,,,,,1,1,1,1,1,1,1,1,1,1,1,1,1,1,1,1,1,1,1,1,1,1,1,1,1,1,1,1,1,1,1,1,1,1,1,1,1,1,1,1,1,1,1,1,1,1,1,1,1,1,1,1,1,1,1,1,1,1,1,1,1,1,1,1,1,1,1,1,1,1,1,,17.75,12:00 AM,,,
,,,Total In Service Buses On Road ,0,0,0,0,3,3,3,3,3,3,3,4,4,4,4,5,5,5,5,5,5,5,5,5,5,5,5,5,5,5,5,5,5,5,5,5,5,5,5,5,5,5,5,5,5,5,5,4,4,4,4,4,4,4,4,4,4,4,4,4,4,4,4,4,4,4,4,4,4,4,4,4,4,4,4,0,77.25,,,,
,,,,,,,,,,,,,,,,,,,,,,,,,,,,,,,,,,,,,,,,,,,,,,,,,,,,,,,,,,,,,,,,,,,,,,,,,,,,,,,,,,,,
Sunday,,,,Time,,,,,,,,,,,,,,,,,,,,,,,,,,,,,,,,,,,,,,,,,,,,,,,,,,,,,,,,,,,,,,,,,,,,,,,,,,,,,,,,
,Bus Blocks,Starting Point,City Area,5:15,5:30,5:45,6:00,6:15,6:30,6:45,7:00,7:15,7:30,7:45,8:00,8:15,8:30,8:45,9:00,9:15,9:30,9:45,10:00,10:15,10:30,10:45,11:00,11:15,11:30,11:45,12:00,12:15,12:30,12:45,13:00,13:15,13:30,13:45,14:00,14:15,14:30,14:45,15:00,15:15,15:30,15:45,16:00,16:15,16:30,16:45,17:00,17:15,17:30,17:45,18:00,18:15,18:30,18:45,19:00,19:15,19:30,19:45,20:00,20:15,20:30,20:45,21:00,21:15,21:30,21:45,22:00,22:15,22:30,22:45,23:00,23:15,23:30,23:45,0:00,Hours,Block End Time,,Sunday,
,1,Downtown,Floater,,,,,,,,,,,,,,,,,,,,,,,,,,,,,,,,,,,,1,1,1,1,1,1,1,1,1,1,1,1,1,1,1,1,1,1,1,1,1,1,1,1,1,1,1,1,1,1,1,1,,,,,,,,,,8,10:00 PM,,8:30a-10:00p,
,2,Downtown,North ,,,,,,,,,,,,,1,1,1,1,1,1,1,1,1,1,1,1,1,1,1,1,1,1,1,1,1,1,1,1,1,1,1,1,1,1,1,1,1,1,1,1,1,1,1,1,1,1,1,1,1,1,1,1,1,1,1,1,1,1,1,,,,,,,,,,13.75,10:00 PM,,,
,3,Park Place,South,,,,,,,,,,,,,1,1,1,1,1,1,1,1,1,1,1,1,1,1,1,1,1,1,1,1,1,1,1,1,1,1,1,1,1,1,1,,,,,,,,,,,,,,,,,,,,,,,,,,,,,,,,,,7.75,10:00 PM,,,
,4,BSGO,South,,,,,,,,,,,,,1,1,1,1,1,1,1,1,1,1,1,1,1,1,1,1,1,1,1,1,1,1,1,1,1,1,1,1,1,1,1,1,1,1,1,1,1,1,1,1,1,1,1,1,1,1,1,1,1,1,1,1,1,1,1,,,,,,,,,,13.75,10:00 PM,,,
,5,Dunn St,South,,,,,,,,,,,,,1,1,1,1,1,1,1,1,1,1,1,1,1,1,1,1,1,1,1,1,1,1,1,1,1,1,1,1,1,1,1,1,1,1,1,1,1,1,1,1,1,1,1,1,1,1,1,1,1,1,1,1,1,1,1,,,,,,,,,,13.75,10:00 PM,,,
,,,Total In Service Buses On Road ,0,0,0,0,0,0,0,0,0,0,0,0,4,4,4,4,4,4,4,4,4,4,4,4,4,4,4,4,4,4,4,4,4,4,4,5,5,5,5,5,5,5,5,4,4,4,4,4,4,4,4,4,4,4,4,4,4,4,4,4,4,4,4,4,4,4,4,0,0,0,0,0,0,0,0,0,57,,,,
,,,,,,,,,,,,,,,,,,,,,,,,,,,,,,,,,,,,,,,,,,,,,,,,,,,,,,,,,,,,,,,,,,,,,,,,,,,,,,,,,,,,
,,,,,,,,,,,,,,,,,,,,,,,,,,,,,,,,,,,,,,,,,,,,,,,,,,,,,,,,,,,,,,,,,,,,,,,,,,,,,,,,,,,,
,,,,,,,,,,,,,,,,,,,,,,,,,,,,,,,,,,,,,,,,,,,,,,,,,,,,,,,,,,,,,,,,,,,,,,,,,,,,,,,,,,,,
Break Start,Break End ,Duration,5:00,5:15,5:30,5:45,6:00,6:15,6:30,6:45,7:00,7:15,7:30,7:45,8:00,8:15,8:30,8:45,9:00,9:15,9:30,9:45,10:00,10:15,10:30,10:45,11:00,11:15,11:30,11:45,12:00,12:15,12:30,12:45,13:00,13:15,13:30,13:45,14:00,14:15,14:30,14:45,15:00,15:15,15:30,15:45,16:00,16:15,16:30,16:45,17:00,17:15,17:30,17:45,18:00,18:15,18:30,18:45,19:00,19:15,19:30,19:45,20:00,20:15,20:30,20:45,21:00,21:15,21:30,21:45,22:00,22:15,22:30,22:45,23:00,23:15,23:30,23:45,0:00,Total Minutes,Break Minutes,Revenue Minutes,,
8:00,8:15,#REF!,,1,1,1,1,1,1,1,1,1,1,1,,1,1,1,1,1,1,1,1,1,1,1,1,1,1,,,,,,,,,,,,,,,,,,,,,,,,,,,,,,,,,,,,,,,,,,,,,,,,,,,#REF!,15,#REF!,,
15:40,15:55,#REF!,,,,,,,,,,,,,,,,,,,,,,,,,,,,1,1,1,1,1,1,1,1,1,1,1,1,1,1,1,1,,1,1,1,1,1,1,1,1,1,1,1,,,,,,,,,,,,,,,,,,,,,,,#REF!,15,#REF!,,
21:00,21:15,#REF!,,,,,,,,,,,,,,,,,,,,,,,,,,,,,,,,,,,,,,,,,,,,,,,,,,1,1,1,1,1,1,1,1,1,1,1,1,1,1,1,,1,1,1,1,1,1,1,1,1,1,1,,#REF!,15,#REF!,,
8:20,8:35,#REF!,,1,1,1,1,1,1,1,1,1,1,1,1,,1,1,1,1,1,1,1,1,1,1,1,1,,,,,,,,,,,,,,,,,,,,,,,,,,,,,,,,,,,,,,,,,,,,,,,,,,,,#REF!,15,#REF!,,
14:00,14:15,#REF!,,,,,,,,,,,,,,,,,,,,,,,,,,,1,1,1,1,1,1,1,1,1,1,,1,1,1,1,1,1,1,1,1,1,1,1,1,1,1,1,,,,,,,,,,,,,,,,,,,,,,,,,#REF!,15,#REF!,,
20:45,21:00,#REF!,,,,,,,,,,,,,,,,,,,,,,,,,,,,,,,,,,,,,,,,,,,,,,,,,1,1,1,1,1,1,1,1,1,1,1,1,1,1,1,,1,1,1,1,1,1,1,1,1,1,1,1,,#REF!,15,#REF!,,
9:00,9:15,#REF!,,,,1,1,1,1,1,1,1,1,1,1,1,1,1,,1,1,1,1,1,1,1,1,1,1,1,1,1,,,,,,,,,,,,,,,,,,,,,,,,,,,,,,,,,,,,,,,,,,,,,,,,#REF!,15,#REF!,,
13:00,13:15,#REF!,,,,,,,,,,,,,,,,,,,,,1,1,1,1,1,1,1,1,1,1,1,1,,1,1,1,1,1,1,1,1,1,1,1,1,1,1,1,,,,,,,,,,,,,,,,,,,,,,,,,,,,,,#REF!,15,#REF!,,
20:00,20:15,#REF!,,,,,,,,,,,,,,,,,,,,,,,,,,,,,,,,,,,,,,,,,,,,,,,,,1,1,1,1,1,1,1,1,1,1,1,1,,1,1,1,1,1,1,1,1,1,1,1,1,1,1,1,,#REF!,15,#REF!,,
10:20,11:00,#REF!,,,,1,1,1,1,1,1,1,1,1,1,1,1,1,1,1,1,1,1,,,,1,1,1,1,1,1,1,1,1,1,1,1,1,1,1,1,1,,,,,,,,,,,,,,,,,,,,,,,,,,,,,,,,,,,,,#REF!,40,#REF!,,
18:35,19:15,#REF!,,,,,,,,,,,,,,,,,,,,,,,,,,,,,,,,,,,,,,,1,1,1,1,1,1,1,1,1,1,1,1,1,1,1,1,,,,1,1,1,1,1,1,1,1,1,1,1,1,1,1,1,1,1,1,1,,#REF!,40,#REF!,,
8:40,8:55,#REF!,,,1,1,1,1,1,1,1,1,1,1,1,1,1,,1,1,1,1,1,1,1,1,1,1,1,1,1,,,,,,,,,,,,,,,,,,,,,,,,,,,,,,,,,,,,,,,,,,,,,,,,,#REF!,15,#REF!,,
16:45,17:20,#REF!,,,,,,,,,,,,,,,,,,,,,,,,,,,,,,1,1,1,1,1,1,1,1,1,1,1,1,1,1,1,1,1,1,,,1,1,1,1,1,1,1,1,1,1,1,1,1,1,1,1,1,1,1,,,,,,,,,,#REF!,35,#REF!,,
9:50,10:30,#REF!,,,1,1,1,1,1,1,1,1,1,1,1,1,1,1,1,1,1,,,,1,1,1,1,1,1,1,1,1,1,1,1,1,1,1,1,1,1,1,,,,,,,,,,,,,,,,,,,,,,,,,,,,,,,,,,,,,#REF!,40,#REF!,,
19:55,20:35,#REF!,,,,,,,,,,,,,,,,,,,,,,,,,,,,,,,,,,,,,,,,,,1,1,1,1,1,1,1,1,1,1,1,1,1,1,1,1,1,1,1,,,1,1,1,1,1,1,1,1,1,1,1,1,1,1,,#REF!,40,#REF!,,
,,,0,1,1,1,1,1,1,1,1,1,1,1,0,1,1,1,1,1,1,1,1,1,1,1,1,1,1,1,1,1,1,1,1,1,1,1,1,1,1,1,1,1,1,0,1,1,1,1,1,2,2,2,2,2,2,1,1,1,1,1,1,1,1,1,0,1,1,1,1,1,1,1,1,1,1,1,0,#REF!,45,#REF!,,
,,,0,1,1,1,1,1,1,1,1,1,1,1,1,0,1,1,1,1,1,1,1,1,1,1,1,1,1,1,1,1,1,1,1,1,1,1,0,1,1,1,1,1,1,1,1,1,1,1,2,2,2,2,2,1,1,1,1,1,1,1,1,1,1,0,1,1,1,1,1,1,1,1,1,1,1,1,0,#REF!,45,#REF!,,
,,,0,0,2,4,4,4,4,4,4,4,4,4,4,4,4,3,3,4,4,3,4,3,4,4,5,5,5,5,5,5,4,4,3,4,4,4,4,4,5,5,5,4,4,4,4,4,4,3,3,4,4,4,4,4,3,3,3,4,4,4,2,3,4,4,4,4,4,4,3,3,3,3,3,3,3,3,0,#REF!,255,#REF!,,
,,,,2,4,6,6,6,6,6,6,6,6,6,5,5,6,5,5,6,6,5,6,5,6,6,7,7,7,7,7,7,6,6,5,6,6,6,5,6,7,7,7,6,6,5,6,6,6,5,6,8,8,8,8,7,6,5,5,6,6,6,4,5,6,5,5,6,6,6,5,5,5,5,5,5,5,5,0,#REF!,5.8,#REF!,,
,,,,2,3,3,5,5,5,5,6,6,6,6,6,6,6,6,6,6,6,6,5,5,5,5,5,5,5,5,5,5,5,5,5,5,5,5,6,6,6,6,6,6,6,6,6,6,6,6,6,6,6,6,6,6,6,6,5,5,5,5,5,5,5,5,5,5,5,5,5,4,4,4,4,4,4,4,0,,,98.3,,
,,,,0,1,3,1,1,1,1,0,0,0,0,-1,-1,0,-1,-1,0,0,-1,1,0,1,1,2,2,2,2,2,2,1,1,0,1,1,1,-1,0,1,1,1,0,0,-1,0,0,0,-1,0,2,2,2,2,1,0,-1,0,1,1,1,-1,0,1,0,0,1,1,1,0,1,1,1,1,1,1,1,0,,,#REF!,,
,,,,,,,,,,,,,,,,,,,,,,,,,,,,,,,,,,,,,,,,,,,,,,,,,,,,,,,,,,,,,,,,,,,,,,,,,,,,,,,,,,,,
,,,,,,,,,,,,,,,,,,,,,,,,,,,,,,,,,,,,,,,,,,,,,,,,,,,,,,,,,,,,,,,,,,,,,,,,,,,,,,,,,,,,
Break Start,Break End ,Duration,5:00,5:15,5:30,5:45,6:00,6:15,6:30,6:45,7:00,7:15,7:30,7:45,8:00,8:15,8:30,8:45,9:00,9:15,9:30,9:45,10:00,10:15,10:30,10:45,11:00,11:15,11:30,11:45,12:00,12:15,12:30,12:45,13:00,13:15,13:30,13:45,14:00,14:15,14:30,14:45,15:00,15:15,15:30,15:45,16:00,16:15,16:30,16:45,17:00,17:15,17:30,17:45,18:00,18:15,18:30,18:45,19:00,19:15,19:30,19:45,20:00,20:15,20:30,20:45,21:00,21:15,21:30,21:45,22:00,22:15,22:30,22:45,23:00,23:15,23:30,23:45,0:00,Total Minutes,Break Minutes,Revenue Minutes,,
12:00,12:40,#REF!,,,,,,,,,,,,,,,1,1,1,1,1,1,1,1,1,1,1,1,1,1,,,1,1,1,1,1,1,1,1,1,1,1,1,,,,,,,,,,,,,,,,,,,,,,,,,,,,,,,,,,,,#REF!,40,#REF!,,
19:00,19:40,#REF!,,,,,,,,,,,,,,,,,,,,,,,,,,,,,,,,,,,,,,,,,,,1,1,1,1,1,1,1,1,1,1,1,1,1,1,,,1,1,1,1,1,1,1,1,1,1,1,1,1,1,1,1,1,1,,#REF!,40,#REF!,,
10:20,11:00,#REF!,,,,,,1,1,1,1,1,1,1,1,1,1,1,1,1,1,1,1,,,,1,1,1,1,1,1,1,1,1,1,1,1,1,1,1,1,,,,,,,,,,,,,,,,,,,,,,,,,,,,,,,,,,,,,,#REF!,40,#REF!,,
19:20,20:00,#REF!,,,,,,,,,,,,,,,,,,,,,,,,,,,,,,,,,,,,,,,,,1,1,1,1,1,1,1,1,1,1,1,1,1,1,1,1,1,1,,,1,1,1,1,1,1,1,1,1,1,1,1,1,1,1,1,,#REF!,40,#REF!,,
9:30,9:45,#REF!,,,,,,1,1,1,1,1,1,1,1,1,1,1,1,1,,1,1,1,1,1,1,1,1,1,1,1,1,1,,,,,,,,,,,,,,,,,,,,,,,,,,,,,,,,,,,,,,,,,,,,,,#REF!,15,#REF!,,
16:40,16:55,#REF!,,,,,,,,,,,,,,,,,,,,,,,,,,,,,,1,1,1,1,1,1,1,1,1,1,1,1,1,1,1,1,1,1,,1,1,1,1,1,1,1,1,1,,,,,,,,,,,,,,,,,,,,,#REF!,15,#REF!,,
18:40,18:55,#REF!,,,,,,,,,,,,,,,,,,,,,,,,,,,,,,,,,,,,,,,,,,,,,,,,,,,1,1,1,1,1,,1,1,1,1,1,1,1,1,1,1,1,1,1,1,1,1,1,1,1,1,,#REF!,15,#REF!,,
11:15,11:55,#REF!,,,,,,,1,1,1,1,1,1,1,1,1,1,1,1,1,1,1,1,1,1,1,,,,1,1,1,1,1,1,1,1,1,1,1,1,1,1,1,,,,,,,,,,,,,,,,,,,,,,,,,,,,,,,,,,,#REF!,40,#REF!,,
19:00,19:40,#REF!,,,,,,,,,,,,,,,,,,,,,,,,,,,,,,,,,,,,,,,,,,,,1,1,1,1,1,1,1,1,1,1,1,1,1,,,1,1,1,1,1,1,1,1,1,1,1,1,1,1,1,1,1,1,,#REF!,40,#REF!,,
9:45,10:00,#REF!,,,,,,,1,1,1,1,1,1,1,1,1,1,1,1,1,,1,1,1,1,1,1,1,1,1,1,1,1,1,,,,,,,,,,,,,,,,,,,,,,,,,,,,,,,,,,,,,,,,,,,,,#REF!,15,#REF!,,
17:00,17:15,#REF!,,,,,,,,,,,,,,,,,,,,,,,,,,,,,,,,,,1,1,1,1,1,1,1,1,1,1,1,1,1,1,1,,1,1,1,1,1,1,1,1,1,1,1,,,,,,,,,,,,,,,,,,#REF!,15,#REF!,,
20:00,20:15,#REF!,,,,,,,,,,,,,,,,,,,,,,,,,,,,,,,,,,,,,,,,,,,,,,,,,1,1,1,1,1,1,1,1,1,1,1,1,,1,1,1,1,1,1,1,1,1,1,1,1,1,1,1,,#REF!,15,#REF!,,
,,,0,0,0,0,0,0,0,0,0,0,0,0,0,0,1,1,1,1,1,1,1,1,1,1,1,1,1,1,0,0,1,1,1,1,1,1,1,1,1,1,1,1,1,1,1,1,1,1,1,1,1,1,1,1,1,1,0,0,1,1,1,1,1,1,1,1,1,1,1,1,1,1,1,1,1,1,0,#REF!,80,#REF!,,
,,,0,0,0,0,0,1,1,1,1,1,1,1,1,1,1,1,1,1,1,1,1,0,0,0,1,1,1,1,1,1,1,1,1,1,1,1,1,1,1,1,1,1,1,1,1,1,1,1,1,1,1,1,1,1,1,1,1,1,0,0,1,1,1,1,1,1,1,1,1,1,1,1,1,1,1,1,0,#REF!,80,#REF!,,
,,,0,0,0,0,0,1,3,3,3,3,3,3,3,3,3,3,3,3,2,2,3,3,3,3,3,2,2,2,3,4,4,4,3,3,3,3,3,3,3,3,3,3,3,3,3,3,3,2,3,4,5,5,5,5,5,4,4,3,4,4,2,3,3,3,3,3,3,3,3,3,3,3,3,3,3,3,0,#REF!,170,#REF!,,
,,,,0,0,0,0,2,4,4,4,4,4,4,4,4,5,5,5,5,4,4,5,4,4,4,5,4,4,4,4,5,6,6,5,5,5,5,5,5,5,5,5,5,5,5,5,5,5,4,5,6,7,7,7,7,7,6,5,4,5,5,4,5,5,5,5,5,5,5,5,5,5,5,5,5,5,5,0,#REF!,5.5,#REF!,,
,,,,0,0,0,0,3,3,3,3,3,3,3,4,4,4,4,5,5,5,5,5,5,5,5,5,5,5,5,5,5,5,5,5,5,5,5,5,5,5,5,5,5,5,5,5,5,5,5,4,4,4,4,4,4,4,4,4,4,4,4,4,4,4,4,4,4,4,4,4,4,4,4,4,4,4,4,0,,,77.3,,
,,,,0,0,0,0,-1,1,1,1,1,1,1,0,0,1,1,0,0,-1,-1,0,-1,-1,-1,0,-1,-1,-1,-1,0,1,1,0,0,0,0,0,0,0,0,0,0,0,0,0,0,0,-1,1,2,3,3,3,3,3,2,1,0,1,1,0,1,1,1,1,1,1,1,1,1,1,1,1,1,1,1,0,,,#REF!,,
,,,,,,,,,,,,,,,,,,,,,,,,,,,,,,,,,,,,,,,,,,,,,,,,,,,,,,,,,,,,,,,,,,,,,,,,,,,,,,,,,,,,
,,,,,,,,,,,,,,,,,,,,,,,,,,,,,,,,,,,,,,,,,,,,,,,,,,,,,,,,,,,,,,,,,,,,,,,,,,,,,,,,,,,,
Break Start,Break End ,Duration,5:00,5:15,5:30,5:45,6:00,6:15,6:30,6:45,7:00,7:15,7:30,7:45,8:00,8:15,8:30,8:45,9:00,9:15,9:30,9:45,10:00,10:15,10:30,10:45,11:00,11:15,11:30,11:45,12:00,12:15,12:30,12:45,13:00,13:15,13:30,13:45,14:00,14:15,14:30,14:45,15:00,15:15,15:30,15:45,16:00,16:15,16:30,16:45,17:00,17:15,17:30,17:45,18:00,18:15,18:30,18:45,19:00,19:15,19:30,19:45,20:00,20:15,20:30,20:45,21:00,21:15,21:30,21:45,22:00,22:15,22:30,22:45,23:00,23:15,23:30,23:45,0:00,Total Minutes,Break Minutes,Revenue Minutes,,
13:00,13:15,#REF!,,,,,,,,,,,,,,,,,,,,,1,1,1,1,1,1,1,1,1,1,1,1,,1,1,1,1,1,1,1,1,1,1,1,1,1,1,1,,,,,,,,,,,,,,,,,,,,,,,,,,,,,,#REF!,15,#REF!,,
18:10,18:25,#REF!,,,,,,,,,,,,,,,,,,,,,,,,,,,,,,,,,,,,,,,,,,,,,1,1,1,1,1,1,1,1,1,,1,1,1,1,1,1,1,1,1,1,1,1,1,1,,,,,,,,,,#REF!,15,#REF!,,
11:20,11:35,#REF!,,,,,,,,,,,,,,1,1,1,1,1,1,1,1,1,1,1,1,,1,1,1,1,1,1,1,1,1,1,1,1,1,1,,,,,,,,,,,,,,,,,,,,,,,,,,,,,,,,,,,,,,#REF!,15,#REF!,,
17:30,17:45,#REF!,,,,,,,,,,,,,,,,,,,,,,,,,,,,,,,,,,,,,,,,,1,1,1,1,1,1,1,1,1,1,,1,1,1,1,1,1,1,1,1,1,1,1,1,1,1,1,1,,,,,,,,,,#REF!,15,#REF!,,
11:40,11:55,#REF!,,,,,,,,,,,,,,1,1,1,1,1,1,1,1,1,1,1,1,1,1,,1,1,1,1,1,1,1,1,1,1,1,1,1,1,,,,,,,,,,,,,,,,,,,,,,,,,,,,,,,,,,,,#REF!,15,#REF!,,
17:50,18:05,#REF!,,,,,,,,,,,,,,,,,,,,,,,,,,,,,,,,,,,,,,,,,,,1,1,1,1,1,1,1,1,1,,1,1,1,1,1,1,1,1,1,1,1,1,1,1,1,1,,,,,,,,,,#REF!,15,#REF!,,
12:00,12:15,#REF!,,,,,,,,,,,,,,,1,1,1,1,1,1,1,1,1,1,1,1,1,1,,1,1,1,1,1,1,1,1,1,1,1,1,1,1,1,,,,,,,,,,,,,,,,,,,,,,,,,,,,,,,,,,#REF!,15,#REF!,,
18:30,18:45,#REF!,,,,,,,,,,,,,,,,,,,,,,,,,,,,,,,,,,,,,,,,,,,,,1,1,1,1,1,1,1,1,1,1,,1,1,1,1,1,1,1,1,1,1,1,1,1,,,,,,,,,,#REF!,15,#REF!,,
11:00,11:15,#REF!,,,,,,,,,,,,,,,1,1,1,1,1,1,1,1,1,1,,1,1,1,1,1,1,1,1,1,1,1,1,1,1,1,1,,,,,,,,,,,,,,,,,,,,,,,,,,,,,,,,,,,,,#REF!,15,#REF!,,
18:50,19:05,#REF!,,,,,,,,,,,,,,,,,,,,,,,,,,,,,,,,,,,,,,,,,,1,1,1,1,1,1,1,1,1,1,1,1,1,1,,1,1,1,1,1,1,1,1,1,1,1,1,,,,,,,,,,#REF!,15,#REF!,,
,,,0,0,0,0,0,0,0,0,0,0,0,0,0,0,0,0,0,0,0,0,1,1,1,1,1,1,1,1,1,1,1,1,0,1,1,1,1,1,1,1,1,1,1,1,2,2,2,2,1,1,1,1,1,0,1,1,1,1,1,1,1,1,1,1,1,1,1,1,0,0,0,0,0,0,0,0,0,#REF!,30,#REF!,,
,,,0,0,0,0,0,0,0,0,0,0,0,0,0,1,1,1,1,1,1,1,1,1,1,1,1,0,1,1,1,1,1,1,1,1,1,1,1,1,1,1,1,1,1,1,1,1,1,1,1,1,0,1,1,1,1,1,1,1,1,1,1,1,1,1,1,1,1,1,0,0,0,0,0,0,0,0,0,#REF!,30,#REF!,,
,,,0,0,0,0,0,0,0,0,0,0,0,0,0,1,3,3,3,3,3,3,3,3,3,3,2,3,3,2,2,3,3,3,3,3,3,3,3,3,3,3,3,3,3,3,3,3,3,3,3,3,3,2,3,3,2,2,3,3,3,3,3,3,3,3,3,3,3,3,0,0,0,0,0,0,0,0,0,#REF!,90,#REF!,,
,,,,0,0,0,0,0,0,0,0,0,0,0,0,2,4,4,4,4,4,4,5,5,5,5,4,4,5,4,4,5,5,5,4,5,5,5,5,5,5,5,5,5,5,5,6,6,6,6,5,5,4,4,5,4,4,4,5,5,5,5,5,5,5,5,5,5,5,5,0,0,0,0,0,0,0,0,0,#REF!,2.5,#REF!,,
,,,,0,0,0,0,0,0,0,0,0,0,0,0,4,4,4,4,4,4,4,4,4,4,4,4,4,4,4,4,4,4,4,4,4,4,4,5,5,5,5,5,5,5,5,4,4,4,4,4,4,4,4,4,4,4,4,4,4,4,4,4,4,4,4,4,4,4,4,0,0,0,0,0,0,0,0,0,,,57.0,,
,,,,0,0,0,0,0,0,0,0,0,0,0,0,-2,0,0,0,0,0,0,1,1,1,1,0,0,1,0,0,1,1,1,0,1,1,1,0,0,0,0,0,0,0,0,2,2,2,2,1,1,0,0,1,0,0,0,1,1,1,1,1,1,1,1,1,1,1,1,0,0,0,0,0,0,0,0,0,,,#REF!,,
,,,,,,,,,,,,,,,,,,,,,,,,,,,,,,,,,,,,,,,,,,,,,,,,,,,,,,,,,,,,,,,,,,,,,,,,,,,,,,,,,,,,
,,,,,,,,,,,,,,,,,,,,,,,,,,,,,,,,,,,,,,,,,,,,,,,,,,,,,,,,,,,,,,,,,,,,,,,,,,,,,,,,,,,,
,,,,,,,,,,,,,,,,,,,,,,,,,,,,,,,,,,,,,,,,,,,,,,,,,,,,,,,,,,,,,,,,,,,,,,,,,,,,,,,,,,,,
,,,,,,,,,,,,,,,,,,,,,,,,,,,,,,,,,,,,,,,,,,,,,,,,,,,,,,,,,,,,,,,,,,,,,,,,,,,,,,,,,,,,
